{
  "discounted_price": {
    "rmse": 1517.0224957995272,
    "mae": 630.7298939260008,
    "r2": 0.9544977043340171
  },
  "actual_price": {
    "rmse": 2574.213938598804,
    "mae": 1010.0269116629394,
    "r2": 0.9450551115833026
  },
  "discount_percentage": {
    "rmse": 13.72243689355659,
    "mae": 10.18308342590406,
    "r2": 0.5180995066418304
  },
  "rating": {
    "rmse": 0.21514603437852803,
    "mae": 0.15459570480625512,
    "r2": 0.403480446812175
  },
  "rating_count": {
    "rmse": 241.69408659779276,
    "mae": 186.2744025194228,
    "r2": 0.09850703322563292
  }
}